{
  "params": {
    "mu": 0.003979838943044197,
    "omega": 0.004513782759896234,
    "alpha[1]": 0.10421988160819382,
    "gamma[1]": 0.013560214587657583,
    "beta[1]": 0.8890006165059421,
    "nu": 3.167785322234054
  },
  "spec": {
    "mean": "Constant",
    "vol": "GARCH",
    "p": 1,
    "o": 1,
    "q": 1,
    "dist": "t"
  },
  "scale_factor": 100.0,
  "trained_at": "2026-05-21T13:58:43.011132+00:00",
  "git_sha": "462bf64",
  "eval_metrics": {
    "qlike": -3.86810114536696,
    "mse_log": 0.367738871256452,
    "correlation": 0.5493854419146675,
    "mae": 0.04576808464620894
  },
  "n_training_returns": 64728,
  "horizon_hours": 168
}